date,equity,cash,gross_exposure,net_exposure,unrealized_pnl_total,realized_pnl_total,fees_paid,total_trades
2023-08-01,90554.35496924745,122248.38522577884,31694.030256531398,-31694.030256531398,-4714.711006488063,-4643.337942615314,87.59608164900247,2
2023-08-02,91122.38172745108,123015.26058411393,31892.87885666285,-31892.87885666285,-4146.5211458262265,-4643.337942615314,87.75918410718981,4
2023-08-03,91193.62160187712,123111.39415481787,31917.772552940754,-31917.772552940754,-4075.260860812043,-4643.337942615314,87.77959469533329,6
2023-08-04,91340.47055114259,123309.64637397719,31969.175822834608,-31969.175822834608,-3928.369761702129,-4643.337942615314,87.82174453978752,8
2023-08-07,91065.5308153453,122938.48724975207,31872.956434406773,-31872.956434406773,-4155.008222698142,-4691.560388927209,87.90057302916108,10
2023-08-08,91270.27514296753,123214.88814222947,31944.61299926193,-31944.61299926193,-3950.2050687906703,-4691.560388927209,87.95939931439696,12
2023-08-09,91552.58128887328,123596.00735606531,32043.42606719204,-32043.42606719204,-3667.8177877448197,-4691.560388927209,88.04053445452101,14
2023-08-10,91517.20776573724,123548.23360509498,32031.02583935774,-32031.02583935774,-3696.8893971937223,-4697.852120412223,88.05071665663446,16
2023-08-11,91628.62369389596,123698.6521554355,32070.028461539543,-32070.028461539543,-3585.4413655680464,-4697.852120412223,88.0828201235987,18
2023-08-14,91360.08199241137,123336.1326756066,31976.050683195215,-31976.050683195215,-3807.8222027853735,-4743.9358416244095,88.15996317865846,20
2023-08-15,91715.88000736915,123816.46456803648,32100.584560667332,-32100.584560667332,-3451.9220162409147,-4743.9358416244095,88.26213476535173,22
2023-08-16,92003.53540087218,124204.7955162988,32201.26011542661,-32201.26011542661,-3164.183900656233,-4743.9358416244095,88.34485684698902,24
2023-08-17,92294.13937056214,161519.22471059192,69225.08534002978,-69225.08534002978,-2865.632356204759,-4743.9358416244095,96.29243160850486,26
2023-08-18,92320.90594966995,161561.59452196368,69240.68857229373,-69240.68857229373,-2838.5802717744937,-4744.20818417858,96.30559437682388,28
2023-08-21,91537.57837705925,160190.93995577891,68653.36157871966,-68653.36157871966,-3545.204728427464,-4820.61931861436,96.5975758987782,30
2023-08-22,91679.55161788329,160439.24333594233,68759.69171805904,-68759.69171805904,-3403.178680077741,-4820.61931861436,96.65038342447392,32
2023-08-23,90746.44874682903,122509.82917011838,31763.380423289338,-31763.380423289338,-1971.4398966967537,-7177.396773208107,104.71458326597305,34
2023-08-24,91298.0999118844,159776.15103836035,68478.05112647594,-68478.05112647594,-1411.8535544115655,-7177.396773208107,112.64976049580551,36
2023-08-25,90791.12823638611,158884.58220723318,68093.45397084707,-68093.45397084707,-1893.6751582278252,-7202.357145156175,112.83946022976319,38
2023-08-28,90311.09158751549,121922.04130109672,31610.949713581227,-31610.949713581227,-1090.5770518948061,-8477.631634620593,120.69972596899713,40
2023-08-29,89737.27388703715,121145.36531567172,31408.091428634565,-31408.091428634565,-1622.7863927510316,-8519.074889155218,120.86483105647658,42
2023-08-30,89584.9733268226,120939.72590462779,31354.752577805197,-31354.752577805197,-1763.2064961417016,-8530.911652329985,120.9085247056051,44
2023-08-31,89560.89074805778,120907.20702837333,31346.316280315557,-31346.316280315557,-1783.6347829230654,-8534.551055511263,120.92341350779367,46
2023-09-01,89548.23550556313,120890.12016917819,31341.884663615052,-31341.884663615052,-1794.8797271215874,-8535.95163966279,120.93312765238049,48
2023-09-05,89596.0219581626,120954.63332223511,31358.61136407251,-31358.61136407251,-1746.2519023434354,-8536.77445736292,120.95168213093986,50
2023-09-06,89839.45715563797,121283.28614268791,31443.828987049947,-31443.828987049947,-1502.7468161875704,-8536.77445736292,121.02157081144847,52
2023-09-07,90000.11823366386,121500.17295110172,31500.054717437863,-31500.054717437863,-1342.0395576046649,-8536.77445736292,121.06775136846247,54
2023-09-08,89954.37195189286,121438.4055540257,31484.033602132837,-31484.033602132837,-1385.076938035072,-8539.47023427869,121.08087579328374,56
2023-09-11,89665.27538953781,121048.145112848,31382.869723310185,-31382.869723310185,-1652.3497129624031,-8561.211051705934,121.16384579375004,58
2023-09-12,89925.27318746921,121399.14008114483,31473.866893675615,-31473.866893675615,-1392.2772057549007,-8561.211051705934,121.23855506984154,60
2023-09-13,89846.95490028858,121293.39580690394,31446.440906615364,-31446.440906615364,-1465.1065738063526,-8566.677461316322,121.26106458864558,62
2023-09-14,89582.73534956813,120936.7125051578,31353.977155589677,-31353.977155589677,-1709.8914488174328,-8586.036397506436,121.33680410790865,64
2023-09-15,90039.92444967755,121553.9340183652,31514.009568687638,-31514.009568687638,-1252.5710182475082,-8586.036397506436,121.46813456840732,66
2023-09-18,90014.24986632053,121519.23939390067,31504.98952758014,-31504.98952758014,-1276.758519100476,-8587.51609846242,121.47551611648647,68
2023-09-19,90080.47268264636,121608.64313765071,31528.170455004358,-31528.170455004358,-1210.516689533034,-8587.51609846242,121.49452935811861,70
2023-09-20,90452.45675937025,122110.84628292982,31658.389523559563,-31658.389523559563,-838.4256481409507,-8587.51609846242,121.60149402629092,72
2023-09-21,91003.99158801528,122855.43089493157,31851.439306916298,-31851.439306916298,-286.73216271235856,-8587.51609846242,121.76015080986124,74
2023-09-22,91037.56561306232,122900.71539476566,31863.14978170334,-31863.14978170334,-253.1485324283998,-8587.51609846242,121.76975604678093,76
2023-09-25,90894.85872424509,122708.07022700059,31813.211502755497,-31813.211502755497,-393.3624530338441,-8589.968042676672,121.81078004432018,78
2023-09-26,91359.47901737073,159883.5543180652,68524.07530069447,-68524.07530069447,79.18317965236054,-8589.968042676672,129.73611960488162,80
2023-09-27,91265.48574741662,159714.62298415104,68449.13723673442,-68449.13723673442,-14.435064019632819,-8590.307000816507,129.77218774716033,82
2023-09-28,90780.59023533118,158866.1383023832,68085.548067052,-68085.548067052,-492.4956953459754,-8596.961072241287,129.95299708149523,84
2023-09-29,90838.46454689777,158967.32173499858,68128.85718810081,-68128.85718810081,-434.5563520668696,-8597.003350191822,129.97575084348398,86
2023-10-02,90567.61563662898,158493.39628285516,67925.78064622618,-67925.78064622618,-696.9451855341921,-8605.36220938139,130.0769684553646,88
2023-10-03,91617.89197277074,160331.53752472228,68713.64555195154,-68713.64555195154,353.72325408397444,-8605.36220938139,130.46907193177253,90
2023-10-04,90899.89072994297,159074.96837386323,68175.07764392026,-68175.07764392026,-354.7421993639699,-8614.630126737378,130.73694395562242,92
2023-10-05,91013.13260670332,159273.009391885,68259.87678518167,-68259.87678518167,-241.4580269729375,-8614.630126737378,130.77923958631487,94
2023-10-06,90035.68719877256,157562.66442344143,67526.97722466887,-67526.97722466887,-1186.2540504976173,-8646.91531854432,131.14343218544056,96
2023-10-09,89639.56062920441,121015.4503739539,31375.889744749504,-31375.889744749504,-727.6952685647703,-9493.82467343166,138.919428799104,98
2023-10-10,89470.97940983193,120785.83512885318,31314.855719021267,-31314.855719021267,-889.6472250251528,-9500.405093133517,138.96827200935766,100
2023-10-11,89287.57304679265,156257.50144528615,66969.9283984935,-66969.9283984935,-1065.5082346550757,-9500.405093133517,146.51362541870603,102
2023-10-12,89600.5677351568,120962.74147684342,31362.17374168663,-31362.17374168663,-350.23344064024036,-9895.178434890224,154.02038931269695,104
2023-10-13,89875.70537675863,121332.22519861316,31456.51982185453,-31456.51982185453,-75.01701986159512,-9895.178434890224,154.0991684895103,106
2023-10-16,89532.2907097919,120868.61861129812,31336.32790150623,-31336.32790150623,-412.17971976909973,-9901.331797955007,154.19777248396397,108
2023-10-17,89576.69189942375,156763.51568118116,67186.82378175741,-67186.82378175741,-360.1409025762095,-9901.331797955007,161.83540004499605,110
2023-10-18,90464.67042044926,158313.35894636047,67848.68852591122,-67848.68852591122,528.1676467737591,-9901.331797955007,162.16542836944416,112
2023-10-19,91072.63881879844,122950.042234824,31877.403416025554,-31877.403416025554,542.2390932714223,-9299.903384094589,169.69689037834198,114
2023-10-20,91498.34009979927,160126.56356760755,68628.22346780828,-68628.22346780828,975.8681693352914,-9299.903384094589,177.6246854413911,116
2023-10-23,91454.23828619113,160044.93971174138,68590.70142555024,-68590.70142555024,930.4365141753684,-9298.539020766519,177.65920721769777,118
2023-10-24,90854.07258036226,122655.09355017342,31801.020969811165,-31801.020969811165,155.5956600386089,-9115.898621111779,185.62445856457617,120
2023-10-25,91471.27899558759,123486.27634465265,32014.99734906506,-32014.99734906506,772.9796141830464,-9115.898621111779,185.80199748366658,122
2023-10-26,91968.03848994155,124156.89178676272,32188.853296821166,-32188.853296821166,1269.8824835936443,-9115.898621111779,185.94537254030524,124
2023-10-27,91963.68489532717,124150.9831552724,32187.298259945237,-32187.298259945237,1262.4690181658157,-9112.806664926076,185.97745791256258,126
2023-10-30,91582.25876847272,160273.29739854427,68691.03863007155,-68691.03863007155,888.75278824212,-9112.806664926076,193.68735484332188,128
2023-10-31,91202.16938019395,159603.87471380882,68401.70533361487,-68401.70533361487,503.93323139616234,-9107.933783164244,193.8300680379705,130
2023-11-01,90243.45394886674,157926.2550966027,67682.80114773595,-67682.80114773595,-442.94456403759466,-9119.413704196108,194.18778289956828,132
2023-11-02,88980.09864500217,155715.43636012258,66735.3377151204,-66735.3377151204,-1651.1970872398097,-9174.04595324283,194.6583145151942,134
2023-11-03,88283.37971038005,154496.0641602258,66212.68444984575,-66212.68444984575,-2304.962569158777,-9216.73994321064,194.91777725056335,136
2023-11-06,88072.0899043959,154126.20402605704,66054.11412166113,-66054.11412166113,-2501.946345874285,-9230.96725636762,194.99649336223055,138
2023-11-07,87665.74950378097,153415.1555978267,65749.40609404573,-65749.40609404573,-2875.545029506584,-9263.557608478399,195.14785823410512,140
2023-11-08,87620.48821707023,153335.8637570089,65715.37553993866,-65715.37553993866,-2917.2901907180103,-9267.05688068186,195.16471152995953,142
2023-11-09,88129.40303889086,154226.56193807052,66097.15889917966,-66097.15889917966,-2408.185857409081,-9267.05688068186,195.35422301827245,144
2023-11-10,86870.21779406571,152023.1539718544,65152.93617778867,-65152.93617778867,-3544.7963831318557,-9389.16330922242,195.82251358006937,146
2023-11-13,87002.81028393185,152254.9485987471,65252.13831481527,-65252.13831481527,-3412.154560857987,-9389.16330922242,195.87184598780286,148
2023-11-14,85667.01511222552,149917.5586366786,64250.54352445307,-64250.54352445307,-4580.1983202797755,-9556.41863368265,196.36793381210023,150
2023-11-15,85574.79064869363,149755.90118795374,64181.110539260124,-64181.110539260124,-4661.043901311843,-9567.76325096983,196.40219902475405,152
2023-11-16,85508.05567149832,149639.11090854055,64131.05523704223,-64131.05523704223,-4719.264991548938,-9576.252367028768,196.4269699240204,154
2023-11-17,85460.67958320526,149556.19787452137,64095.51829131611,-64095.51829131611,-4760.735188128938,-9582.14069488482,196.44453378102176,156
2023-11-20,84823.57519980118,148441.3955245718,63617.820324770604,-63617.820324770604,-5303.221731627473,-9676.522015667097,196.6810529042589,158
2023-11-21,85077.5949887569,148885.84900230568,63808.25401354877,-63808.25401354877,-5049.107532219266,-9676.522015667097,196.77546335674165,160
2023-11-22,84823.74255761215,148441.6028359602,63617.860278348046,-63617.860278348046,-5266.037798899781,-9713.34996859109,196.869674896975,162
2023-11-24,84849.0078366818,148485.7731919938,63636.76535531199,-63636.76535531199,-5240.000549098326,-9714.108232555418,196.88338166443845,164
2023-11-27,84934.0505574598,148634.60507268255,63700.55451522274,-63700.55451522274,-5154.926276645729,-9714.108232555418,196.91493333902102,166
2023-11-28,84818.99751698272,148433.27179275837,63614.27427577566,-63614.27427577566,-5252.8653302640905,-9731.179481166882,196.95767158629093,168
2023-11-29,84872.33009359773,148526.5891614156,63654.25906781788,-63654.25906781788,-5199.512948469284,-9731.179481166882,196.97747676606747,170
2023-11-30,84819.81196068763,114508.63860248006,29688.826641792428,-29688.826641792428,-2445.011088664559,-12530.985819540523,204.19113110726013,172
2023-12-01,84682.47243454616,148198.3536835295,63515.88124898335,-63515.88124898335,-2575.205044686078,-12530.985819540523,211.33670122721813,174
2023-12-04,85136.94425584565,114936.7269353865,29799.78267954084,-29799.78267954084,-998.930323529787,-13645.734102704984,218.39131791953534,176
2023-12-05,85102.4599004804,114888.32431136652,29785.86441088611,-29785.86441088611,-1031.6790203572655,-13647.459459091393,218.40162007089347,178
2023-12-06,85248.57196335294,115085.5836478167,29837.011684463774,-29837.011684463774,-885.525067802625,-13647.459459091393,218.44350975301413,180
2023-12-07,84926.20158894884,114650.39817611166,29724.196587162813,-29724.196587162813,-1190.0646066516188,-13665.197946167238,218.53585823225072,182
2023-12-08,84796.03335593361,114474.65486625301,29678.621510319397,-29678.621510319397,-1312.4176796725565,-13672.975853858803,218.57311053498523,184
2023-12-11,84611.50175377273,114225.54253743279,29614.040783660068,-29614.040783660068,-1484.0285889702604,-13685.843705255429,218.62595200154166,186
2023-12-12,84425.89428017521,113974.97217130946,29549.077891134257,-29549.077891134257,-1655.1899760421861,-13700.236677633999,218.67906614856625,188
2023-12-13,84027.25925026137,147051.64897604365,63024.38972578228,-63024.38972578228,-2046.821287512821,-13700.236677633999,225.6827845917759,190
2023-12-14,83953.40851660505,146918.4755673771,62965.067050772064,-62965.067050772064,-2116.3162239625976,-13704.5644000362,225.71085939609446,192
2023-12-15,83853.01011055117,146742.79906499508,62889.78895444391,-62889.78895444391,-2209.193951289327,-13712.04175388021,225.7541842792507,194
2023-12-18,83477.93535753539,146086.46592636185,62608.53056882646,-62608.53056882646,-2557.2310661025026,-13738.940528240695,225.89304812136697,196
2023-12-19,83127.49255615275,145473.1838021662,62345.69124601345,-62345.69124601345,-2879.3504090504002,-13767.1343108857,226.02272391112174,198
2023-12-20,84022.3552091946,147039.30964434295,63016.95443514835,-63016.95443514835,-1984.1561138826255,-13767.1343108857,226.3543660370506,200
2023-12-21,83356.73183248041,145874.4222075175,62517.690375037084,-62517.690375037084,-2600.776786828578,-13815.89055121957,226.60082947143195,202
2023-12-22,83247.10970063278,145682.4641975608,62435.35449692801,-62435.35449692801,-2702.121007112168,-13824.127874506039,226.64141774898923,204
2023-12-26,82924.06272347186,145117.17946252614,62193.11673905428,-62193.11673905428,-2997.5043806142094,-13851.671901976626,226.76099393728845,206
2023-12-27,82804.49360420738,144907.88901189342,62103.39540768605,-62103.39540768605,-3106.525343746198,-13862.175802675118,226.8052493712759,208
2023-12-28,82807.85009627765,144913.74109822206,62105.891001944416,-62105.891001944416,-3102.6899199744603,-13862.649057025372,226.81092672248673,210
2023-12-29,83032.05514301383,145306.14504028804,62274.089897274214,-62274.089897274214,-2878.4018204355116,-13862.649057025372,226.89397952524845,212
2024-01-02,83732.95635903123,146532.8340706344,62799.87771160315,-62799.87771160315,-2177.2406097888065,-13862.649057025372,227.15397415453347,214
2024-01-03,84314.72200172879,113826.69353716755,29511.97153543876,-29511.97153543876,-753.4846283694737,-14697.71496061961,234.07840928207673,216
2024-01-04,84438.15769247024,113991.52260927447,29553.36491680424,-29553.36491680424,-630.0139906923525,-14697.71496061961,234.11335621775504,218
2024-01-05,84400.38159701166,113940.5179442143,29540.136347202646,-29540.136347202646,-666.6182033462856,-14698.876045454002,234.12415418800512,220
2024-01-08,83877.30737869705,146789.1998870668,62911.89250836974,-62911.89250836974,-1182.7404631435807,-14698.876045454002,241.07611270529682,222
2024-01-09,83862.8641270031,146760.02633046854,62897.16220346544,-62897.16220346544,-1195.7527203230177,-14700.284045048144,241.099107625648,224
2024-01-10,83471.71863970434,146075.59055867817,62603.87191897384,-62603.87191897384,-1569.528080589105,-14717.509403415088,241.2438762913711,226
2024-01-11,83420.35891933614,145985.64198668013,62565.28306734398,-62565.28306734398,-1618.2903528069905,-14720.087766767107,241.2629610896727,228
2024-01-12,83375.57689858617,112558.88651612452,29183.309617538354,-29183.309617538354,-771.9769526136154,-15604.114925826776,248.33122297335976,230
2024-01-16,83430.55703774618,112631.25506056668,29200.698022820496,-29200.698022820496,-716.9815437057858,-15604.114925826776,248.34649272118187,232
2024-01-17,83594.02617271087,112851.94763111015,29257.921458399265,-29257.921458399265,-553.4657026073636,-15604.114925826776,248.39319885489112,234
2024-01-18,83256.19048084242,112395.88393874456,29139.693457902147,-29139.693457902147,-876.9149887459097,-15618.404857893154,248.48967251842603,236
2024-01-19,82785.49186390993,111760.45129114667,28974.959427236743,-28974.959427236743,-1317.4482852960166,-15648.435885171026,248.62396562292545,238
2024-01-22,82735.92665736497,111693.50448435542,28957.577826990455,-28957.577826990455,-1363.967018723613,-15651.468227244695,248.63809666662706,240
2024-01-23,82633.5900579881,111555.35457767338,28921.764519685275,-28921.764519685275,-1459.1131146812995,-15658.629546016284,248.66728131420209,242
2024-01-24,82537.5077711833,111425.64388935678,28888.136118173483,-28888.136118173483,-1547.3915090494338,-15666.406009975886,248.69470979127044,244
2024-01-25,82441.28020586107,111295.73434764186,28854.454141780792,-28854.454141780792,-1636.8848921511046,-15673.112812061021,248.7220899266896,246
2024-01-26,82545.53187814918,111436.47711032713,28890.945232177954,-28890.945232177954,-1532.603443237996,-15673.112812061021,248.75186655170123,248
2024-01-29,82283.1305753575,111082.2465467764,28799.115971418905,-28799.115971418905,-1772.810231711379,-15695.232549665501,248.82664326552427,250
2024-01-30,82383.13007774416,144174.41620771782,61791.286129973654,-61791.286129973654,-1665.8228551329134,-15695.232549665501,255.81451745731724,252
2024-01-31,83491.97845185937,146111.1969364459,62619.21848458653,-62619.21848458653,-556.5650311195793,-15695.232549665501,256.2239673554619,254
2024-02-01,82713.21972368241,144748.29493317,62035.07520948758,-62035.07520948758,-1306.3722517118101,-15723.896327224838,256.51169738085196,256
2024-02-02,81862.16349143548,143258.97096633157,61396.80747489609,-61396.80747489609,-2105.308686566447,-15775.701755744147,256.82606625385614,258
2024-02-05,82013.95266106931,143524.44585091152,61510.493189842215,-61510.493189842215,-1953.4635260712216,-15775.701755744147,256.88205711523045,260
2024-02-06,81986.36812853019,143476.16024658034,61489.79211805016,-61489.79211805016,-1978.0630169881658,-15778.654956996941,256.91389748463365,262
2024-02-07,81413.36002281663,142473.50152250574,61060.1414996891,-61060.1414996891,-2509.454986203644,-15820.059583282682,257.1254076969418,264
2024-02-08,81343.30469060925,142350.79949974196,61007.49480913272,-61007.49480913272,-2574.1316439371803,-15825.412350017625,257.1513154358806,266
2024-02-09,80866.58994889414,141516.6363815975,60650.04643270336,-60650.04643270336,-3008.5578125973625,-15867.524990524522,257.3272479839292,268
2024-02-12,80998.50120091994,141747.40871962838,60748.90751870844,-60748.90751870844,-2876.5978113359497,-15867.524990524522,257.3759972195474,270
2024-02-13,81890.26901151403,143308.15851100022,61417.889499486184,-61417.889499486184,-1984.5005117154064,-15867.524990524522,257.7054862459856,272
2024-02-14,81276.32998335677,142233.707287696,60957.377304339214,-60957.377304339214,-2552.993613339294,-15912.74429219268,257.9321111111917,274
2024-02-15,80975.16327236625,141706.59353467185,60731.43026230559,-60731.43026230559,-2829.7618020090504,-15937.031768950648,258.043156673977,276
2024-02-16,81401.57808316735,142452.85528601194,61051.27720284459,-61051.27720284459,-2403.189436082603,-15937.031768950648,258.2007117993312,278
2024-02-20,81799.8956830895,143149.90279998863,61350.00711689913,-61350.00711689913,-2004.7246602302216,-15937.031768950648,258.3478877295709,280
2024-02-21,81894.8235934739,143315.96705780303,61421.14346432913,-61421.14346432913,-1909.7615743659524,-15937.031768950648,258.3830632094359,282
2024-02-22,80359.61992754084,140629.66419399017,60270.04426644933,-60270.04426644933,-3297.2652388196593,-16084.165490431182,258.9493432082762,284
2024-02-23,80427.54951562211,140748.23010942282,60320.6805938007,-60320.6805938007,-3229.310570133185,-16084.165490431182,258.9744238134529,286
2024-02-26,80553.84721740845,140969.2550974862,60415.40788007775,-60415.40788007775,-3102.9663344464616,-16084.165490431182,259.0209577138502,288
2024-02-27,80425.0257525861,140743.8224817147,60318.79672912862,-60318.79672912862,-3219.6968739413296,-16096.208895389735,259.06847808278354,290
2024-02-28,80625.39393709885,141094.48585710436,60469.091920005514,-60469.091920005514,-3019.254653577291,-16096.208895389735,259.14251393407136,292
2024-02-29,80250.71236933202,108340.27830646845,28089.56593713643,-28089.56593713643,-1563.7813099389273,-17919.461973939568,266.0443467894194,294
2024-03-01,79907.28652371246,107874.86403271208,27967.577508999617,-27967.577508999617,-1875.6095697876976,-17950.961497768953,266.14240873080945,296
2024-03-04,79972.16034376483,107962.42196196021,27990.261618195378,-27990.261618195378,-1810.7172770389932,-17950.961497768953,266.1608814271573,298
2024-03-05,80363.12658918052,108490.25222065374,28127.12563147321,-28127.12563147321,-1419.6396544035445,-17950.961497768953,266.2722586469055,300
2024-03-06,80203.44799624167,108274.66705155437,28071.2190553127,-28071.2190553127,-1567.254738424669,-17962.979570315933,266.3176950176743,302
2024-03-07,79850.98810257307,107798.86163955572,27947.873536982646,-27947.873536982646,-1887.378046684959,-17995.215915759785,266.4179349821215,304
2024-03-08,80136.494758908,108184.2914711082,28047.796712200197,-28047.796712200197,-1601.790064816275,-17995.215915759785,266.49926051588614,306
2024-03-11,80193.84005650473,140343.0394312187,60149.199374713964,-60149.199374713964,-1537.6659575289532,-17995.215915759785,273.2780702064646,308
2024-03-12,79438.9204851056,139018.27219290292,59579.35170779732,-59579.35170779732,-2242.47607174998,-18045.04633929435,273.55710384999094,310
2024-03-13,79714.4788682776,139500.40251650458,59785.923648226984,-59785.923648226984,-1966.8159555291663,-18045.04633929435,273.6588368988311,312
2024-03-14,79848.89016910738,139735.58635956867,59886.69619046129,-59886.69619046129,-1832.355080834228,-18045.04633929435,273.70841076398426,314
2024-03-15,80410.22406182453,140718.01478305916,60307.79072123463,-60307.79072123463,-1270.8139320804664,-18045.04633929435,273.91566680059026,316
2024-03-18,79943.25185075482,139900.79203212904,59957.54018137422,-59957.54018137422,-1714.7030392171046,-18067.957197597123,274.08791243087967,318
2024-03-19,79701.87685943223,139478.33094679497,59776.454087362734,-59776.454087362734,-1941.7483641243339,-18082.197959914338,274.17681652902576,320
2024-03-20,79070.82538523752,138374.07845685282,59303.253071615305,-59303.253071615305,-2525.884798189946,-18128.880483177898,274.4093333945743,322
2024-03-21,78832.42965737359,137956.80305045363,59124.37339308004,-59124.37339308004,-2744.9792922836596,-18148.09386145193,274.4971888907392,324
2024-03-22,78854.6420887319,137995.6327572333,59140.990668501414,-59140.990668501414,-2721.6299186966253,-18149.211919423775,274.5160731476329,326
2024-03-25,79043.58349820247,138326.31136396594,59282.727865763474,-59282.727865763474,-2532.6188512328686,-18149.211919423775,274.5857311408232,328
2024-03-26,79194.24785418347,138589.9666654572,59395.718811273735,-59395.718811273735,-2381.898932061664,-18149.211919423775,274.6412943310418,330
2024-03-27,78843.38989436002,137975.9991704593,59132.60927609929,-59132.60927609929,-2703.724165010257,-18178.115544185246,274.7703964444258,332
2024-03-28,78903.5188646313,138081.17243860624,59177.65357397493,-59177.65357397493,-2643.573008450075,-18178.115544185246,274.7925827333268,334
2024-04-01,78892.33533984341,138061.6011564651,59169.265816621686,-59169.265816621686,-2652.042920513293,-18180.805115817984,274.8166238252556,336
2024-04-02,79329.23196658591,107096.17562647758,27766.94365989167,-27766.94365989167,-1044.1113230904027,-19345.32010982539,281.3366004982464,338
2024-04-03,79282.81004106287,107031.7974039018,27748.987362838932,-27748.987362838932,-1088.0749694854626,-19347.764822367248,281.3501670843666,340
2024-04-04,79664.2057309576,107546.70706239111,27882.50133143351,-27882.50133143351,-706.570712285394,-19347.764822367248,281.4587343896922,342
2024-04-05,79354.1922563373,107128.183057361,27773.990801023705,-27773.990801023705,-1001.5184423027168,-19362.74242287046,281.54687848945684,344
2024-04-08,79342.32371969332,107112.13784109215,27769.81412139882,-27769.81412139882,-1012.7762016093702,-19363.349824640896,281.5502540563429,346
2024-04-09,79274.87512139577,107021.08711039969,27746.21198900391,-27746.21198900391,-1076.8437640010802,-19366.711662379414,281.5694522236714,348
2024-04-10,79534.8033075252,107372.0035688186,27837.20026129341,-27837.20026129341,-816.8416443834055,-19366.711662379414,281.64338571192275,350
2024-04-11,79207.41317073576,106930.03441512173,27722.621244385977,-27722.621244385977,-1126.2053943558078,-19384.64492138113,281.73651352724374,352
2024-04-12,79619.59932851214,107486.49046956406,27866.89114105192,-27866.89114105192,-713.901934532797,-19384.64492138113,281.85381557387916,354
2024-04-15,80023.26340814804,108031.43683141396,28008.173423265922,-28008.173423265922,-310.12287067611743,-19384.64492138113,281.9687997946553,356
2024-04-16,80040.7455615449,140075.110302043,60034.364740498095,-60034.364740498095,-285.8818124402684,-19384.64492138113,288.7277046336404,358
2024-04-17,80584.44055987771,141022.8912345493,60438.45067467158,-60438.45067467158,258.0133564119164,-19384.64492138113,288.92787515302314,360
2024-04-18,80818.97816542364,141433.2649965252,60614.28683110154,-60614.28683110154,492.6376769621303,-19384.64492138113,289.01459015728733,362
2024-04-19,81710.2109468214,142993.06932466602,61282.85837784461,-61282.85837784461,1384.2003027954797,-19384.64492138113,289.3444345928781,364
2024-04-22,81119.66097638292,141959.53062715215,60839.86965076924,-60839.86965076924,780.3228976060653,-19371.099334860763,289.5625863623274,366
2024-04-23,80304.42441623184,140532.9159367863,60228.491520554475,-60228.491520554475,-34.684322918641726,-19371.027715656113,289.86354519335833,368
2024-04-24,80216.66609355083,140379.18857998884,60162.522486438014,-60162.522486438014,-122.9870873296253,-19370.450753070363,289.89606604912296,370
2024-04-25,80476.13661548292,140833.29429666814,60357.15768118522,-60357.15768118522,136.57928781814692,-19370.450753070363,289.9919192648024,372
2024-04-26,79724.24128826222,139517.58566383307,59793.344375570865,-59793.344375570865,-602.7038836083204,-19382.785413066813,290.2694150626101,374
2024-04-29,79496.89275307656,139119.61017907716,59622.71742600061,-59622.71742600061,-824.5413003530145,-19388.212644029794,290.35330254060335,376
2024-04-30,80530.88539266582,140929.26814911727,60398.38275645145,-60398.38275645145,209.83331655123212,-19388.212644029794,290.73527985559735,378
2024-05-01,80847.1873232389,141482.64844028966,60635.461117050756,-60635.461117050756,526.2521702803828,-19388.212644029794,290.85220301168147,380
2024-05-02,80176.40658565996,140308.8550934245,60132.44850776454,-60132.44850776454,-142.17624444362247,-19390.317344842566,291.09982505384994,382
2024-05-03,79199.0811027098,138598.6041510529,59399.52304834309,-59399.52304834309,-1088.4245269215503,-19421.033998933937,291.4603714347306,384
2024-05-06,78566.83484576423,137492.09296410313,58925.2581183389,-58925.2581183389,-1688.7754908642569,-19452.69625562558,291.6934077459571,386
2024-05-07,78529.6185332362,137426.8390596389,58897.220526402714,-58897.220526402714,-1723.990893256158,-19454.683446807427,291.7071267002682,388
2024-05-08,78544.1618393954,137452.28704726291,58908.12520786752,-58908.12520786752,-1709.4422093588157,-19454.683446807427,291.7125044384137,390
2024-05-09,78310.10952628346,137042.736026761,58732.62650047755,-58732.62650047755,-1929.4468396380862,-19468.644987153817,291.7986469247014,392
2024-05-10,78202.99349947828,136855.26210846263,58652.26860898435,-58652.26860898435,-2030.1710585490496,-19474.99730088005,291.83814109267973,394
2024-05-13,78131.36173643278,136729.90044692063,58598.53871048785,-58598.53871048785,-2097.4979418196945,-19479.275738816712,291.86458293089527,396
2024-05-14,77808.35337638373,136164.68756060558,58356.33418422185,-58356.33418422185,-2397.300846440773,-19502.36219941611,291.9835777594863,398
2024-05-15,76990.67932969342,134733.86207693286,57743.182747239436,-57743.182747239436,-3137.034809215669,-19580.001295398208,292.28456569279757,400
2024-05-16,77108.68435664602,134940.22205038604,57831.53769374003,-57831.53769374003,-3018.9863608417345,-19580.001295398208,292.3279871141295,402
2024-05-17,77081.17918104022,134892.06824021658,57810.88905917636,-57810.88905917636,-3043.658465681905,-19582.822696444513,292.33965683342655,404
2024-05-20,76846.23483777003,134480.96635555188,57634.73151778185,-57634.73151778185,-3255.1303678528107,-19606.208565031502,292.4262293457232,406
2024-05-21,76719.1415072358,134258.5234075725,57539.381900336695,-57539.381900336695,-3369.166008438451,-19619.219494952213,292.47298937360733,408
2024-05-22,76807.62381371068,134413.35694194256,57605.73312823188,-57605.73312823188,-3280.6511873501477,-19619.219494952213,292.5055039870375,410
2024-05-23,77147.45219912815,135008.10860396773,57860.65640483958,-57860.65640483958,-2940.69771102484,-19619.219494952213,292.63059489489575,412
2024-05-24,76682.2847690266,134194.09799466818,57511.81322564157,-57511.81322564157,-3357.7831184125926,-19667.130313716658,292.8017988442538,414
2024-05-28,76553.50939281759,133968.67164717166,57415.162254354065,-57415.162254354065,-3472.3279218261437,-19681.313435272798,292.84925008358374,416
2024-05-29,76956.73357297496,134674.36740947232,57717.63383649736,-57717.63383649736,-3068.9552710387825,-19681.313435272798,292.99772071356887,418
2024-05-30,77457.16232614272,135550.14256891076,58092.98024276804,-58092.98024276804,-2568.342100406609,-19681.313435272798,293.18213817799295,420
2024-05-31,77246.55686111009,135181.50547244222,57934.948611332125,-57934.948611332125,-2760.957034774813,-19699.226666159153,293.2594379560468,422
2024-06-03,77060.85380387433,104033.87679439937,26973.022990525045,-26973.022990525045,-1364.5536599397035,-21274.78190551751,299.81063066857655,424
2024-06-04,77008.85876757043,103961.96370624653,26953.104938676108,-26953.104938676108,-1412.7262486656996,-21278.589213872176,299.8257698918181,426
2024-06-05,76570.68854012524,134002.25663660187,57431.56809647664,-57431.56809647664,-1844.5813045214452,-21278.589213872176,306.140941481247,428
2024-06-06,76581.12823965047,134016.9765825311,57435.84834288062,-57435.84834288062,-1834.1385032125254,-21278.589213872176,306.14404326495065,430
2024-06-07,76641.43301277836,134122.51988882577,57481.08687604741,-57481.08687604741,-1773.8115473260177,-21278.589213872176,306.166226023591,432
2024-06-10,76436.4682630376,133763.86298091096,57327.39471787335,-57327.39471787335,-1966.3131029825208,-21290.97703078923,306.241603190778,434
2024-06-11,76164.2245881848,102823.4134589655,26659.18887078069,-26659.18887078069,-1032.873238584118,-22490.16097091902,312.74120231218996,436
2024-06-12,75880.08063747291,102438.13131240688,26558.050674933966,-26558.050674933966,-1297.6245731437207,-22509.472654254525,312.82213512897306,438
2024-06-13,75781.33874060985,102304.81549120054,26523.476750590693,-26523.476750590693,-1388.9432293356997,-22516.86788219009,312.8501478644958,440
2024-06-14,75704.5354660856,102201.12972022942,26496.594254143834,-26496.594254143834,-1459.329361816573,-22523.263226752802,312.8719453451746,442
2024-06-17,75436.73110701193,101839.60797274666,26402.876865734732,-26402.876865734732,-1702.994841923941,-22547.326231283358,312.94781978091737,444
2024-06-18,75399.09484014953,101788.78029029214,26389.685450142617,-26389.685450142617,-1737.6316830259389,-22550.31501114933,312.9584656753514,446
2024-06-20,75536.60623268718,101974.42987311607,26437.82364042889,-26437.82364042889,-1600.0812808894902,-22550.31501114933,312.9974752741511,448
2024-06-21,75583.38544413386,132274.50668343675,56691.12123930289,-56691.12123930289,-1546.9409638855254,-22550.31501114933,319.3585808314283,450
2024-06-24,75998.07524812814,132996.72629424877,56998.651046120634,-56998.651046120634,-1132.0993364332633,-22550.31501114933,319.5104042893938,452
2024-06-25,75562.26245096709,132234.05797857494,56671.79552760786,-56671.79552760786,-1546.135537451069,-22571.93143484622,319.670576735758,454
2024-06-26,75468.34432012831,132069.62290482727,56601.27858469896,-56601.27858469896,-1635.1736392678176,-22576.77694678752,319.7050938164909,456
2024-06-27,75350.63286809096,131863.63298082093,56513.00011272996,-56513.00011272996,-1746.3460541292002,-22583.27274874853,319.7483290314457,458
2024-06-28,75608.40705904199,132314.76708762624,56706.36002858425,-56706.36002858425,-1488.4771298006185,-22583.27274874853,319.84306240898593,460
2024-07-01,75383.67795276821,131921.48715690462,56537.809204136414,-56537.809204136414,-1700.6688675560547,-22595.727539442727,319.9256402331163,462
2024-07-02,74896.44522306298,131068.88403798777,56172.43881492478,-56172.43881492478,-2154.226262145326,-22629.22400007934,320.1045147124423,464
2024-07-03,74536.81593797516,130439.50649201861,55902.69055404345,-55902.69055404345,-2484.7375829985217,-22658.209947644973,320.2365313814278,466
2024-07-05,74084.02384484498,129647.14037431106,55563.11652946608,-55563.11652946608,-2894.599618060528,-22700.973870676953,320.40266641764066,468
2024-07-08,73985.85840581902,129475.27383181351,55489.41542599449,-55489.41542599449,-2983.0827400064945,-22710.620152888383,320.43870128620483,470
2024-07-09,73934.87228771634,129386.03691238665,55451.16462467032,-55451.16462467032,-3029.212116934405,-22715.458194998802,320.4574003505485,472
2024-07-10,73371.23092468071,128399.77099810955,55028.54007342884,-55028.54007342884,-3529.227945602362,-22778.877134934763,320.66399478226174,474
2024-07-11,74211.55803516752,129870.41470020999,55658.85666504248,-55658.85666504248,-2688.5922305956456,-22778.877134934763,320.97259930216427,476
2024-07-12,73872.40777522075,129276.78316605264,55404.37539083189,-55404.37539083189,-2995.590452727063,-22810.904779926565,321.096992125706,478
2024-07-15,73721.70749037586,129013.01915445492,55291.311664079054,-55291.311664079054,-3131.3097302110027,-22825.830521550488,321.1522578627244,480
2024-07-16,73547.11329857026,128707.47823700678,55160.36493843653,-55160.36493843653,-3288.011070680647,-22843.65945091424,321.21617983492104,482
2024-07-17,74737.59879250827,100897.28316855423,26159.684376045963,-26159.684376045963,-1012.949575084647,-23922.403404790984,327.0482276161664,484
2024-07-18,74893.6887479429,131067.51910829103,56173.83036034813,-56173.83036034813,-850.5279011364903,-23922.403404790984,333.3799461296852,486
2024-07-19,75328.98754955753,131825.82038612704,56496.83283656952,-56496.83283656952,-415.0698548893612,-23922.403404790984,333.5391907621773,488
2024-07-22,74616.65290169319,130579.29493321145,55962.64203151827,-55962.64203151827,-1102.6499521386847,-23946.896434986676,333.80071118152307,490
2024-07-23,74759.11244668622,130828.47840067666,56069.36595399043,-56069.36595399043,-960.1380809036011,-23946.896434986676,333.8530374235603,492
2024-07-24,76399.45882815128,133699.40745643407,57299.94862828278,-57299.94862828278,680.8118932227305,-23946.896434986676,334.4566300847945,494
2024-07-25,76864.50700894644,134512.99024074353,57648.48323179709,-57648.48323179709,1146.0312455871372,-23946.896434986676,334.627801654066,496
2024-07-26,76245.83707876113,133430.34187315943,57184.50479439829,-57184.50479439829,518.0835058181862,-23937.391252220736,334.85517483635437,498
2024-07-29,76171.56753110902,133300.26018206097,57128.692650951954,-57128.692650951954,442.4136858744969,-23935.963628573543,334.8825261920047,500
2024-07-30,76708.32040893809,134239.6818078889,57531.361398950816,-57531.361398950816,979.3642429213264,-23935.963628573543,335.0802054097487,502
2024-07-31,75388.97730208383,131930.99843319692,56542.02113111309,-56542.02113111309,-329.0470554991099,-23946.410586897917,335.565055519204,504
2024-08-01,76468.1006130274,105145.88382348382,28677.783210456408,-28677.783210456408,15.874420519275843,-23206.220803783042,341.5530037088907,506
2024-08-02,76995.77929088326,134747.24527821012,57751.465987326854,-57751.465987326854,549.80512456492,-23206.220803783042,347.8050298986811,508
2024-08-05,78697.08065144368,137720.2448043314,59023.16415288771,-59023.16415288771,2251.732947202135,-23206.220803783042,348.4314919754439,510
2024-08-06,78132.5330084669,87899.62893256429,9767.095924097388,-9767.095924097388,189.80376714658937,-21698.359382550203,358.9113761295257,512
2024-08-07,78236.26469296512,78236.26469296512,0.0,0.0,0.0,-21402.779931355515,360.95537567939846,513
2024-08-08,78236.26469296512,78236.26469296512,0.0,0.0,0.0,-21402.779931355515,360.95537567939846,513
2024-08-09,78236.26469296512,78236.26469296512,0.0,0.0,0.0,-21402.779931355515,360.95537567939846,513
2024-08-12,78236.26469296512,78236.26469296512,0.0,0.0,0.0,-21402.779931355515,360.95537567939846,513
2024-08-13,78236.26469296512,78236.26469296512,0.0,0.0,0.0,-21402.779931355515,360.95537567939846,513
2024-08-14,78236.26469296512,78236.26469296512,0.0,0.0,0.0,-21402.779931355515,360.95537567939846,513
2024-08-15,78236.26469296512,78236.26469296512,0.0,0.0,0.0,-21402.779931355515,360.95537567939846,513
2024-08-16,78236.26469296512,78236.26469296512,0.0,0.0,0.0,-21402.779931355515,360.95537567939846,513
2024-08-19,78236.26469296512,78236.26469296512,0.0,0.0,0.0,-21402.779931355515,360.95537567939846,513
2024-08-20,78236.26469296512,78236.26469296512,0.0,0.0,0.0,-21402.779931355515,360.95537567939846,513
2024-08-21,78236.26469296512,78236.26469296512,0.0,0.0,0.0,-21402.779931355515,360.95537567939846,513
2024-08-22,78236.26469296512,78236.26469296512,0.0,0.0,0.0,-21402.779931355515,360.95537567939846,513
2024-08-23,78236.26469296512,78236.26469296512,0.0,0.0,0.0,-21402.779931355515,360.95537567939846,513
2024-08-26,78236.26469296512,78236.26469296512,0.0,0.0,0.0,-21402.779931355515,360.95537567939846,513
2024-08-27,78230.13249544642,107568.73175530834,29338.59925986192,-29338.59925986192,0.0,-21402.779931355515,367.0875731981051,514
2024-08-28,78394.21241942591,137194.53516130018,58800.322741874275,-58800.322741874275,170.32206770300854,-21402.779931355515,373.3297169216413,516
2024-08-29,78434.59765829078,137260.55552660764,58825.957868316866,-58825.957868316866,210.7212024434914,-21402.779931355515,373.34361279726767,518
2024-08-30,77803.0050109697,136155.39208744816,58352.38707647846,-58352.38707647846,-412.59896696579983,-21410.820573657355,373.57544840723773,520
2024-09-03,79288.69503886213,138755.5353604925,59466.84032163037,-59466.84032163037,1073.6375257797363,-21410.820573657355,374.1219132603232,522
2024-09-04,79426.7658404047,138996.86943786987,59570.103597465175,-59570.103597465175,1211.7590450127532,-21410.820573657355,374.17263095080006,524
2024-09-05,79471.37468213946,139074.914442209,59603.53976006955,-59603.53976006955,1256.1531496941916,-21410.584845964873,374.1936215899617,526
2024-09-06,80770.7764983493,141349.14018184904,60578.363683499745,-60578.363683499745,2556.0335802025893,-21410.584845964873,374.6722358885249,528
2024-09-09,80041.87616483822,140073.436292295,60031.560127456774,-60031.560127456774,1789.178179049974,-21372.36168183098,374.9403323808982,530
2024-09-10,79633.58739148009,139358.86832774433,59725.280936264244,-59725.280936264244,1364.474377071674,-21355.796431131326,375.09055446035944,532
2024-09-11,78678.39587277459,137687.40398404814,59009.00811127354,-59009.00811127354,399.69693321862457,-21345.859415113115,375.4416453309953,534
2024-09-12,78140.05399055197,136745.20744528834,58605.15345473636,-58605.15345473636,-136.067426178395,-21348.239236621263,375.63934664845516,536
2024-09-13,77855.63978605054,136247.4275623479,58391.78777629736,-58391.78777629736,-416.91754510161616,-21351.698930570536,375.7437382773639,538
2024-09-16,77941.46385006372,136397.58805533577,58456.12420527205,-58456.12420527205,-331.0100063980492,-21351.74616922301,375.7799743152816,540
2024-09-17,77914.07271263938,136349.63305198654,58435.56033934717,-58435.56033934717,-358.092329773812,-21352.044921332585,375.79003625427686,542
2024-09-18,78127.1511170826,136722.560126133,58595.4090090504,-58595.4090090504,-144.93562051295373,-21352.044921332585,375.8683410719177,544
2024-09-19,76885.97397677538,134550.72039262293,57664.74641584755,-57664.74641584755,-1334.2950187097053,-21403.407281743566,376.3237227713962,546
2024-09-20,76984.2762189407,103930.45966581628,26946.183446875584,-26946.183446875584,-575.6221098592414,-22057.35970213438,382.7419690657422,548
2024-09-23,76914.8763654264,103835.08837425508,26920.212008828683,-26920.212008828683,-642.718570568314,-22059.64310558475,382.76195842059303,550
2024-09-24,76805.02685263487,134412.40586825623,57607.379015621365,-57607.379015621365,-746.1580775374487,-22059.64310558475,389.17196424299226,552
2024-09-25,76841.83263155105,134473.2151995214,57631.38256797034,-57631.38256797034,-709.101098379901,-22059.875688207794,389.1905818613038,554
2024-09-26,76510.97188295932,133894.2731553383,57383.30127237899,-57383.30127237899,-1028.8599820241132,-22070.856194366526,389.3119406500889,556
2024-09-27,76711.95023066057,134245.95909943958,57534.00886877901,-57534.00886877901,-827.8078273491167,-22070.856194366526,389.38574762382234,558
2024-09-30,76518.5890735152,133907.56932323065,57388.980249715445,-57388.980249715445,-1015.2316640275528,-22076.72265063683,389.4566118204562,560
2024-10-01,77175.19041875927,135056.72462198682,57881.534203227544,-57881.534203227544,-358.38923170616056,-22076.72265063683,389.6976988977678,562
2024-10-02,77122.06545709193,134963.62667806793,57841.56122097599,-57841.56122097599,-410.7998276300667,-22077.41748079763,389.7172344803873,564
2024-10-03,77196.51193485303,135093.91002963512,57897.3980947821,-57897.3980947821,-336.3260533671359,-22077.41748079763,389.74453098221164,566
2024-10-04,76588.78907466677,134030.50958451253,57441.72050984576,-57441.72050984576,-926.4291772825939,-22094.8143611623,389.9673868883489,568
2024-10-07,77155.87771269945,135022.90510364657,57867.027390947114,-57867.027390947114,-359.13240149958324,-22094.8143611623,390.175524638685,570
2024-10-08,76449.8675557695,133787.42026934313,57337.552713573634,-57337.552713573634,-1041.6747399557185,-22118.02324299466,390.4344612801281,572
2024-10-09,76025.56208187096,133044.82229102607,57019.26020915511,-57019.26020915511,-1446.8433327061002,-22137.00459040999,390.5899950129488,574
2024-10-10,76101.48190303064,102738.66891753559,26637.187014504947,-26637.187014504947,-638.3495448320183,-22863.231443573433,396.9371085638982,576
2024-10-11,75994.57034844057,132994.06977300165,56999.49942456109,-56999.49942456109,-738.9229598336509,-22863.231443573433,403.2752481523401,578
2024-10-14,75522.15893437591,132163.87619283138,56641.71725845547,-56641.71725845547,-1193.6606950325368,-22880.73134183843,403.44902875311107,580
2024-10-15,76120.54306258791,133211.08021586016,57090.53715327224,-57090.53715327224,-595.057045191515,-22880.73134183843,403.6685503821353,582
2024-10-16,75992.93788654191,132987.66286128954,56994.72497474763,-56994.72497474763,-719.4093694883413,-22883.937503274323,403.7152406954117,584
2024-10-17,75964.38008690425,102553.58840163678,26589.208314732525,-26589.208314732525,-345.85934525253776,-23279.672422019896,410.0881458232842,586
2024-10-18,75826.06081774135,102365.19312622397,26539.13230848261,-26539.13230848261,-480.7824853603224,-23283.02908355824,410.12761334004955,588
2024-10-21,75822.34752906395,102360.17185907696,26537.824330013016,-26537.824330013016,-484.0038708956794,-23283.51108214487,410.1375178954707,590
2024-10-22,75814.92901953644,102350.15554537404,26535.226525837592,-26535.226525837592,-491.1104998114323,-23283.818451580846,410.1420290712294,592
2024-10-23,76139.38060382265,102788.18946105588,26648.80885723324,-26648.80885723324,-166.56706165052623,-23283.818451580846,410.23388294594906,594
2024-10-24,76002.47921567874,102603.35858085706,26600.87936517832,-26600.87936517832,-301.26984464702537,-23285.978292061463,410.27264761272096,596
2024-10-25,75926.00210271498,102500.11010524051,26574.10800252554,-26574.10800252554,-375.9217910708088,-23287.78177930924,410.29432690493996,598
2024-10-28,75882.768818861,102441.74039641442,26558.971577553413,-26558.971577553413,-418.3234306825851,-23288.601230929817,410.30651952655126,600
2024-10-29,75733.6413069882,102240.42880012811,26506.787493139913,-26506.787493139913,-562.4550792052509,-23293.554884749636,410.34872905686734,602
2024-10-30,75873.85942711249,102429.72175768233,26555.862330569842,-26555.862330569842,-422.1972687565233,-23293.554884749636,410.3884193812986,604
2024-10-31,76462.73798184819,133813.5002043939,57350.762222545716,-57350.762222545716,173.26158800597577,-23293.554884749636,416.9687214080932,606
2024-11-01,76129.42892072641,133226.57343672466,57097.144515998254,-57097.144515998254,-158.1023027370154,-23295.37701310167,417.09176343485217,608
2024-11-04,76274.03508405753,133479.5921296896,57205.557045632086,-57205.557045632086,-13.443081049159666,-23295.37701310167,417.1448217916076,610
2024-11-05,75563.03180375538,132235.45314896922,56672.421345213836,-56672.421345213836,-708.5929037867113,-23310.969893904614,417.40539855324977,612
2024-11-06,74088.19533678156,129654.64844145998,55566.453104678425,-55566.453104678425,-2085.8282650063,-23408.031072162055,417.9453260500348,614
2024-11-07,73435.70627447344,128512.62923859445,55076.92296412101,-55076.92296412101,-2680.9719353962873,-23465.137543659042,418.18424647118155,616
2024-11-08,73284.17923085723,128247.34143477598,54963.16220391875,-54963.16220391875,-2819.3049551639815,-23478.27616494211,418.2396490366155,618
2024-11-11,73267.89943520828,98913.27496651371,25645.375531305428,-25645.375531305428,-1320.0449016940702,-24987.683562439703,424.37210065789327,620
2024-11-12,73330.92359242233,98996.75114076187,25665.827548339534,-25665.827548339534,-1257.0032948388741,-24987.683562439703,424.38955029904616,622
2024-11-13,73341.19696215163,99010.61740532836,25669.42044317673,-25669.42044317673,-1246.5290770110723,-24987.87964383823,424.3943169990255,624
2024-11-14,73512.8749044566,99242.39398797209,25729.51908351547,-25729.51908351547,-1074.802635089793,-24987.87964383823,424.44281661531113,626
2024-11-15,73984.03688597024,99878.48742766799,25894.45054169774,-25894.45054169774,-603.5073447153511,-24987.87964383823,424.57612547611046,628
2024-11-18,73840.99422872208,99685.35351330045,25844.359284578375,-25844.359284578375,-740.9734080388082,-24993.415794151057,424.6165690880112,630
2024-11-19,73704.81709760107,99501.51396026892,25796.696862667835,-25796.696862667835,-870.8426989417421,-24999.68514223707,424.6550612200604,632
2024-11-20,73707.87419063333,99505.63088254917,25797.75669191585,-25797.75669191585,-867.6581714686236,-24999.81010419621,424.6575337017905,634
2024-11-21,73592.1965443151,99349.47349670353,25757.27695238843,-25757.27695238843,-977.3844660604575,-25005.728807640502,424.690181983892,636
2024-11-22,73531.60584691963,99267.67203349202,25736.066186572396,-25736.066186572396,-1034.661029121698,-25009.025846588494,424.7072773701431,638
2024-11-25,73467.58394354886,99181.24264323711,25713.658699688254,-25713.658699688254,-1094.9541578363205,-25012.736562890048,424.7253357247378,640
2024-11-26,73331.38266731433,98997.37673926256,25665.99407194823,-25665.99407194823,-1222.3644429724104,-25021.489108677768,424.76378103546136,642
2024-11-27,73471.26794106356,99186.22325467563,25714.955313612063,-25714.955313612063,-1082.4396106818767,-25021.489108677768,424.8033395767684,644
2024-11-29,73278.36551326806,98925.80836363253,25647.44285036447,-25647.44285036447,-1262.551217858902,-25034.225460113877,424.8578087591432,646
2024-12-02,73115.71261128323,98706.22624055548,25590.513629272238,-25590.513629272238,-1412.821494809244,-25046.562109868733,424.9037840387764,648
2024-12-03,73070.53205646807,98645.22224154275,25574.690185074673,-25574.690185074673,-1454.4182975283559,-25050.133090015544,424.9165559880198,650
2024-12-04,72832.97147541988,98324.53054804254,25491.559072622662,-25491.559072622662,-1670.4375932071985,-25071.607329890005,424.9836014829139,652
2024-12-05,72889.24935820108,98400.4910703645,25511.241712163428,-25511.241712163428,-1614.1438242247414,-25071.607329890005,424.99948768417727,654
2024-12-06,72750.87352526665,98213.69117085426,25462.81764558761,-25462.81764558761,-1738.9548894817403,-25085.133023935134,425.0385613164722,656
2024-12-09,72915.53496882031,98435.98503682102,25520.450068000704,-25520.450068000704,-1574.2469601727694,-25085.133023935134,425.0850470717697,658
2024-12-10,72998.66451846155,98548.2033346063,25549.538816144744,-25549.538816144744,-1491.0939486132984,-25085.133023935134,425.10850899000735,660
2024-12-11,72671.11604848651,98106.03332399846,25434.91727551195,-25434.91727551195,-1785.9934300149416,-25117.68959033739,425.2009311611389,662
2024-12-12,72818.67900693425,98305.22790250581,25486.54889557155,-25486.54889557155,-1638.388832549369,-25117.68959033739,425.24257017896207,664
2024-12-13,72723.6391803155,98176.92177811563,25453.282597800135,-25453.282597800135,-1723.2569768200046,-25127.834418422426,425.26942444204826,666
2024-12-16,72485.9589684013,97856.06457909085,25370.105610689534,-25370.105610689534,-1933.9549562588384,-25154.749597036454,425.33647830337,668
2024-12-17,72594.05461302013,98001.98180214092,25407.92718912079,-25407.92718912079,-1825.8288269499692,-25154.749597036454,425.3669629934277,670
2024-12-18,73424.61708054425,128496.6747951892,55072.05771464495,-55072.05771464495,-988.886555012044,-25154.749597036454,431.7467674072356,672
2024-12-19,73555.65020766627,128722.41901820252,55166.76881053625,-55166.76881053625,-857.8061283688448,-25154.749597036454,431.7940669284322,674
2024-12-20,72983.25881613832,127720.81724423726,54737.55842809894,-54737.55842809894,-1404.6139061170807,-25180.123877831156,432.00339991344504,676
2024-12-23,72552.5649231433,126967.08135641768,54414.51643327437,-54414.51643327437,-1809.5417082724744,-25205.732395600444,432.16097298377775,678
2024-12-24,71880.98713992896,125791.86831630988,53910.88117638092,-53910.88117638092,-2427.5390570269437,-25259.06732863238,432.40647441173144,680
2024-12-26,71897.4949472889,125820.62033582744,53923.12538853854,-53923.12538853854,-2411.0252305812637,-25259.06732863238,432.4124934974494,682
2024-12-27,72539.4769223428,126944.21981536546,54404.74289302266,-54404.74289302266,-1768.8083053864016,-25259.06732863238,432.6474436384169,684
2024-12-30,73211.44335092943,128120.16639104713,54908.72304011769,-54908.72304011769,-1096.5958615454533,-25259.06732863238,432.8934588927356,686
2024-12-31,73544.41810288315,128702.80559829915,55158.387495416,-55158.387495416,-763.4991178070936,-25259.06732863238,433.01545067738573,688
2025-01-02,73666.08366610837,128915.67094962094,55249.587283512556,-55249.587283512556,-641.7890192342375,-25259.06732863238,433.0599860250163,690
2025-01-03,72868.302433164,127519.69777417199,54651.395341007985,-54651.395341007985,-1403.094373523038,-25295.251332992073,433.35186032091707,692
2025-01-06,72396.66959175386,126694.2750773101,54297.60548555624,-54297.60548555624,-1845.562638928431,-25324.243342616362,433.524426701371,694
2025-01-07,73187.71911279167,128078.67851769183,54890.95940490017,-54890.95940490017,-1054.2234208403827,-25324.243342616362,433.8141237516257,696
2025-01-08,73142.80747069132,127999.92094742395,54857.11347673263,-54857.11347673263,-1097.61673206546,-25325.745227442538,433.8305698007156,698
2025-01-10,73991.36923849213,129485.07164786728,55493.70240937515,-55493.70240937515,-248.74408823513667,-25325.745227442538,434.1414458302191,700
2025-01-13,74037.49735786216,129565.63915190367,55528.141794041505,-55528.141794041505,-202.48049325222675,-25325.852974423677,434.1691744619625,702
2025-01-14,74025.64060212715,129544.8778400204,55519.23723789325,-55519.23723789325,-214.08743800659425,-25326.089287325252,434.1826725410261,704
2025-01-15,72881.63043789257,127543.0941756319,54661.46373773932,-54661.46373773932,-1309.6407627791775,-25374.127572635145,434.6012266931312,706
2025-01-16,73125.5786139566,127969.81833442219,54844.239720465586,-54844.239720465586,-1065.6032364374157,-25374.127572635145,434.690576970863,708
2025-01-17,72387.15298205052,126677.67716091526,54290.52417886474,-54290.52417886474,-1761.5771838851442,-25416.309127886023,434.9607061783191,710
2025-01-21,71979.31909202792,125963.88883973517,53984.56974770725,-53984.56974770725,-2140.944947213005,-25444.626196214682,435.1097645444112,712
2025-01-22,71482.28619371133,125094.11073143134,53611.82453772001,-53611.82453772001,-2595.082791882963,-25487.339513415645,435.29150099006756,714
2025-01-23,71278.91197364463,124738.13427260387,53459.222298959234,-53459.222298959234,-2780.019876284871,-25505.702377809823,435.3657722606747,716
2025-01-24,71507.91089804379,125138.89409538131,53630.983197337526,-53630.983197337526,-2550.937184469039,-25505.702377809823,435.44953967735637,718
2025-01-27,72662.29418088803,98095.57519819113,25433.281017303107,-25433.281017303107,-672.7915724333354,-26223.81220045386,441.10204622479506,720
2025-01-28,72364.99580204475,97692.76788876341,25327.772086718658,-25327.772086718658,-955.1437795184972,-26238.67416737668,441.1862510600868,722
2025-01-29,72445.52713176646,97801.46698975618,25355.939857989724,-25355.939857989724,-874.5897487605109,-26238.67416737668,441.20895209636933,724
2025-01-30,72323.41027525038,97636.61266256808,25313.202387317688,-25313.202387317688,-990.1777227835851,-26245.168619850563,441.24338211547973,726
2025-01-31,72409.13352276507,97752.33570815221,25343.20218538715,-25343.20218538715,-904.430317020549,-26245.168619850563,441.26754036384625,728
2025-02-03,72595.76963772706,98004.30315214535,25408.533514418297,-25408.533514418297,-717.7415083193,-26245.168619850563,441.32023410309887,730
2025-02-04,72354.52816759664,97678.63220750533,25324.10403990869,-25324.10403990869,-946.6996702421252,-26257.383848183526,441.3883139777238,732
2025-02-05,72245.69914053149,97531.7020163434,25286.002875811915,-25286.002875811915,-1049.396392490995,-26263.485459132746,441.4190078448017,734
2025-02-06,72135.73199111636,97383.24674029226,25247.514749175905,-25247.514749175905,-1152.5204675195039,-26270.29751764724,441.45002371692783,736
2025-02-07,72410.43450210328,97754.10775170125,25343.67324959797,-25343.67324959797,-877.7404114489093,-26270.29751764724,441.527568800602,738
2025-02-10,72170.91622499477,97430.75588826941,25259.839663274644,-25259.839663274644,-1102.9106650177353,-26284.57797012307,441.5951398644511,740
2025-02-11,72191.36962211935,97458.3516766876,25266.982054568238,-25266.982054568238,-1082.1957348594992,-26284.831197649062,441.60344537210403,742
2025-02-12,72224.64304369039,97503.26992208291,25278.626878392526,-25278.626878392526,-1048.8416713906017,-26284.9018130434,441.6134718756453,744
2025-02-13,71909.28609474582,97077.56046814806,25168.27437340223,-25168.27437340223,-1341.20857804436,-26307.8029582027,441.7023690071447,746
2025-02-14,71857.05443937801,97007.02834505586,25149.97390567785,-25149.97390567785,-1389.1809315021999,-26312.047508836637,441.7171202831836,748
2025-02-18,71791.61182767914,96918.68065707767,25127.068829398526,-25127.068829398526,-1449.5616672979436,-26317.09094962308,441.73555539986063,750
2025-02-19,71758.52133012128,96874.00576501591,25115.484434894635,-25115.484434894635,-1480.1468274054532,-26319.586977338426,441.7448651348711,752
2025-02-20,71864.03965988015,97016.46137621514,25152.421716334993,-25152.421716334993,-1374.5987481281984,-26319.586977338426,441.77461465326604,754
2025-02-21,72340.02277027264,97659.06687317687,25319.044102904227,-25319.044102904227,-898.4813067660814,-26319.586977338426,441.9089456228908,756
2025-02-24,72547.00760014982,97938.4773043242,25391.46970417438,-25391.46970417438,-691.4380027221086,-26319.586977338426,441.967419789674,758
2025-02-25,72770.0390116217,98239.5710022306,25469.531990608895,-25469.531990608895,-468.343551794101,-26319.586977338426,442.0304592457964,760
2025-02-26,72732.83618363137,98189.33205697454,25456.49587334317,-25456.49587334317,-504.6170661690551,-26320.505772525044,442.04097767455204,762
2025-02-27,73289.327693951,98940.63650248812,25651.308808537127,-25651.308808537127,52.031838878772135,-26320.505772525044,442.1983724027453,764
2025-02-28,72886.52580653656,98396.83976756805,25510.313961031483,-25510.313961031483,-343.359457216402,-26327.802642666156,442.3120935808991,766
2025-03-03,73388.96760789838,99075.14462811581,25686.17702021743,-25686.17702021743,159.22441852165258,-26327.802642666156,442.4541679571355,768
2025-03-04,73573.53068166741,128757.175244443,55183.6445627756,-55183.6445627756,350.0046596766935,-26327.802642666156,448.67133534314564,770
2025-03-05,72917.04957582043,127604.97498693288,54687.92541111245,-54687.92541111245,-300.02999299322255,-26334.00794135796,448.91248982840557,772
2025-03-06,74154.19724363711,129770.11130332107,55615.914059683964,-55615.914059683964,937.5716194995546,-26334.00794135796,449.366434504513,774
2025-03-07,73793.72077545882,129139.0877048672,55345.366929408374,-55345.366929408374,570.4480465785535,-26327.228652381993,449.49861873777064,776
2025-03-10,75602.62626948504,132304.98347358734,56702.35720410229,-56702.35720410229,2380.0181223924155,-26327.228652381993,450.1632005254258,778
2025-03-11,75905.96584929782,132835.4962689839,56929.530419686074,-56929.530419686074,2683.468914992359,-26327.228652381993,450.27441331258177,780
2025-03-12,75433.6340754016,132008.9640093807,56575.3299339791,-56575.3299339791,2178.5826499413006,-26294.500699247783,450.4478752919767,782
2025-03-13,76319.3089170874,133558.9791384795,57239.67022139211,-57239.67022139211,3064.583032237123,-26294.500699247783,450.773415901976,784
2025-03-14,75035.91737106295,131313.12456668084,56277.207195617884,-56277.207195617884,1712.7585332969857,-26225.596826245925,451.24433598817006,786
2025-03-17,74636.34044640353,130613.67696378703,55977.336517383505,-55977.336517383505,1297.3363312509407,-26209.60498316343,451.39090168403635,788
2025-03-18,75415.70271785858,131977.64787881737,56561.945160958785,-56561.945160958785,2076.98491544032,-26209.60498316343,451.67721441835727,790
2025-03-19,74719.2224408769,84059.63339444782,9340.410953570925,-9340.410953570925,300.3155840779209,-25119.379385444696,461.71375775637495,792
2025-03-20,74750.8751369365,84094.73545269555,9343.860315759037,-9343.860315759037,331.97566927331957,-25119.379385444696,461.72114689217005,793
2025-03-21,74710.29483019335,130748.15313595934,56037.858305765985,-56037.858305765985,301.17151652750766,-25119.379385444696,471.49730088953027,795
2025-03-24,73583.62829870475,82782.09247400804,9198.46417530329,-9198.46417530329,-100.76583642528927,-25834.069948061246,481.5359168087743,797
2025-03-25,73531.12352948451,82722.51553530766,9191.392005823143,-9191.392005823143,-152.27130091150076,-25835.05673569464,481.5484339094079,798
2025-03-26,73700.2115718274,82912.74302077311,9212.531448945703,-9212.531448945703,16.856761169608667,-25835.05673569464,481.5884536476216,799
2025-03-27,73752.69207576223,82971.7801381859,9219.088062423667,-9219.088062423667,69.3496887315361,-25835.05673569464,481.60087727471625,800
2025-03-28,73995.35287647274,83244.77917678257,9249.42630030983,-9249.42630030983,312.06801544793313,-25835.05673569464,481.65840328061483,801
2025-03-31,73986.0516510852,129480.68747350463,55494.63582241943,-55494.63582241943,312.46212122222795,-25835.05673569464,491.35373444244385,803
2025-04-01,73683.9010174284,128946.89552915243,55262.99451172403,-55262.99451172403,9.899186939893596,-25834.532369926084,491.465799585458,805
2025-04-02,73301.08188602843,98958.1135988596,25657.031712831173,-25657.031712831173,-169.0973718361038,-26032.067651847396,497.7530902881266,807
2025-04-03,74617.29328437323,87675.79973901366,13058.506454640426,-13058.506454640426,515.6328631554665,-25397.842889207812,500.49668957448085,809
2025-04-04,75379.19604782508,75379.19604782508,0.0,0.0,0.0,-24117.726442831146,503.0775093438236,810
2025-04-07,75377.20024854271,84799.59975452084,9422.399505978135,-9422.399505978135,0.0,-24117.726442831146,505.07330862620734,811
2025-04-08,75546.84238811233,84990.20273941527,9443.360351302932,-9443.360351302932,169.6825618807488,-24117.726442831146,505.11373093731913,812
2025-04-09,74411.11974998002,74411.11974998002,0.0,0.0,0.0,-25081.537535270738,507.3427147493026,813
2025-04-10,74411.11974998002,74411.11974998002,0.0,0.0,0.0,-25081.537535270738,507.3427147493026,813
2025-04-11,74411.11974998002,74411.11974998002,0.0,0.0,0.0,-25081.537535270738,507.3427147493026,813
2025-04-14,74411.11974998002,74411.11974998002,0.0,0.0,0.0,-25081.537535270738,507.3427147493026,813
2025-04-15,74411.11974998002,74411.11974998002,0.0,0.0,0.0,-25081.537535270738,507.3427147493026,813
2025-04-16,74411.11974998002,74411.11974998002,0.0,0.0,0.0,-25081.537535270738,507.3427147493026,813
2025-04-17,74411.11974998002,74411.11974998002,0.0,0.0,0.0,-25081.537535270738,507.3427147493026,813
2025-04-21,74411.11974998002,74411.11974998002,0.0,0.0,0.0,-25081.537535270738,507.3427147493026,813
2025-04-22,74411.11974998002,74411.11974998002,0.0,0.0,0.0,-25081.537535270738,507.3427147493026,813
2025-04-23,74411.11974998002,74411.11974998002,0.0,0.0,0.0,-25081.537535270738,507.3427147493026,813
2025-04-24,74411.11974998002,74411.11974998002,0.0,0.0,0.0,-25081.537535270738,507.3427147493026,813
2025-04-25,74411.11974998002,74411.11974998002,0.0,0.0,0.0,-25081.537535270738,507.3427147493026,813
2025-04-28,74411.11974998002,74411.11974998002,0.0,0.0,0.0,-25081.537535270738,507.3427147493026,813
2025-04-29,74411.11974998002,74411.11974998002,0.0,0.0,0.0,-25081.537535270738,507.3427147493026,813
2025-04-30,74411.11974998002,74411.11974998002,0.0,0.0,0.0,-25081.537535270738,507.3427147493026,813
2025-05-01,74411.11974998002,74411.11974998002,0.0,0.0,0.0,-25081.537535270738,507.3427147493026,813
2025-05-02,74411.11974998002,74411.11974998002,0.0,0.0,0.0,-25081.537535270738,507.3427147493026,813
2025-05-05,74411.11974998002,74411.11974998002,0.0,0.0,0.0,-25081.537535270738,507.3427147493026,813
2025-05-06,74411.11974998002,74411.11974998002,0.0,0.0,0.0,-25081.537535270738,507.3427147493026,813
2025-05-07,74405.65982925982,100449.07560852416,26043.41577926434,-26043.41577926434,0.0,-25081.537535270738,512.8026354695,815
2025-05-08,74180.41484683208,100143.57766430375,25963.162817471683,-25963.162817471683,-222.49218013985893,-25084.22630013857,512.8666728895585,817
2025-05-09,74205.45759376058,100177.36946428915,25971.911870528565,-25971.911870528565,-197.4423554184047,-25084.22630013857,512.8737506824888,819
2025-05-12,73241.39415505347,128175.73492394359,54934.34076889012,-54934.34076889012,-1155.6465571523404,-25084.22630013857,518.7329876556574,821
2025-05-13,72641.1654381525,127122.17287734486,54481.00743919236,-54481.00743919236,-1720.7672225387857,-25119.113932187338,518.9534071214127,823
2025-05-14,72443.02459324893,126775.3389334742,54332.31434022526,-54332.31434022526,-1905.506319029469,-25132.443103701517,519.0259840201169,825
2025-05-15,72280.42450359184,126490.77230586,54210.34780226816,-54210.34780226816,-2057.9918583979534,-25142.49823202715,519.0854059830883,827
2025-05-16,71990.65907073418,125983.71091108721,53993.05184035303,-53993.05184035303,-2326.147224159564,-25164.002366947807,519.1913381584718,829
2025-05-19,71935.22402546281,125886.65331873888,53951.429293276065,-53951.429293276065,-2377.308871772911,-25168.255484987694,519.2116177766006,831
2025-05-20,72115.77425938527,126202.6421206526,54086.867861267325,-54086.867861267325,-2196.6925702034746,-25168.255484987694,519.2776854235746,833
2025-05-21,72946.9888124917,127657.39862608539,54710.40981359368,-54710.40981359368,-1365.1736931762675,-25168.255484987694,519.5820093443522,835
2025-05-22,72884.97900670538,127548.72765150535,54663.74864479997,-54663.74864479997,-1423.9957863500435,-25171.42044875509,519.6047581894971,837
2025-05-23,73324.49419787282,128317.95812009065,54993.46392221783,-54993.46392221783,-984.319565303839,-25171.42044875509,519.7657880682746,839
2025-05-27,72105.50656603143,126184.89045595865,54079.38388992722,-54079.38388992722,-2118.695768065763,-25255.586025219214,520.2116406836177,841
2025-05-28,72381.68050955406,126667.9963296225,54286.31582006844,-54286.31582006844,-1842.4208114404219,-25255.586025219214,520.3126537863276,843
2025-05-29,72221.11907470993,126386.98932364307,54165.87024893313,-54165.87024893313,-1993.0076728730903,-25265.501893037166,520.371359379829,845
2025-05-30,72294.0984297222,126514.68777798048,54220.589348258276,-54220.589348258276,-1920.001606600949,-25265.501893037166,520.3980706397022,847
2025-06-02,71927.13444691515,125872.56325425704,53945.42880734189,-53945.42880734189,-2259.4128612563145,-25292.920402280324,520.5322895482158,849
2025-06-03,71562.33709490128,125234.16725128642,53671.83015638514,-53671.83015638514,-2592.6989773844334,-25324.298240571658,520.6656871426536,851
2025-06-04,71494.70183414064,125115.7453731342,53621.04353899355,-53621.04353899355,-2653.5479411790884,-25331.059756445764,520.6904682345223,853
2025-06-05,71825.95321729645,125695.48921040699,53869.535993110534,-53869.535993110534,-2322.175328812181,-25331.059756445764,520.8116974456063,855
2025-06-06,71285.8648938764,124750.37417344224,53464.50927956585,-53464.50927956585,-2812.4824879593943,-25380.643527031418,521.0090911328135,857
2025-06-09,71222.39862115207,124639.21125846561,53416.812637313546,-53416.812637313546,-2869.8092588519585,-25386.759803943783,521.0323160521947,859
2025-06-10,70888.28311518121,95700.77012378254,24812.48700860133,-24812.48700860133,-1476.2506666057602,-27108.39156814631,527.0746500667326,861
2025-06-11,70965.44756468419,95803.35997100775,24837.912406323565,-24837.912406323565,-1399.0647809489813,-27108.39156814631,527.0960862205251,863
2025-06-12,70886.91152641867,95697.3360048488,24810.424478430126,-24810.424478430126,-1471.470944239579,-27114.499316231457,527.1182131103012,865
2025-06-13,71181.2630000019,96094.7271843948,24913.4641843929,-24913.4641843929,-1177.036409242798,-27114.499316231457,527.2012745238518,867
2025-06-16,70889.39279800195,95700.70290005315,24811.310102051193,-24811.310102051193,-1445.323370881858,-27138.000255183233,527.2835759329612,869
2025-06-17,71116.30552184673,96007.02954792164,24890.724026074913,-24890.724026074913,-1218.3466258371259,-27138.000255183233,527.3475971329252,871
2025-06-18,71120.29853295271,96012.4033190905,24892.104786137785,-24892.104786137785,-1214.3524916315164,-27138.000255183233,527.3487202325324,873
2025-06-20,71200.32553794212,96120.44580666325,24920.120268721133,-24920.120268721133,-1134.3028938950372,-27138.000255183233,527.3713129796121,875
2025-06-23,70949.06100670731,95781.2510614171,24832.190054709783,-24832.190054709783,-1366.7870616108762,-27156.709783870192,527.442147811612,877
2025-06-24,70621.93794861912,95339.64141412103,24717.70346550191,-24717.70346550191,-1663.5484980538522,-27186.979211076,527.5343422510371,879
2025-06-25,70583.40736652179,95287.60325158338,24704.195885061596,-24704.195885061596,-1698.209801295221,-27190.837617505953,527.5452146770511,881
2025-06-26,70371.21137686704,95001.15140467205,24629.940027805016,-24629.940027805016,-1888.1638860692851,-27213.019753767836,527.604983295857,883
2025-06-27,70267.8353910893,94861.58507594377,24593.749684854465,-24593.749684854465,-1980.4886203408162,-27224.041903480647,527.6340850892448,885
2025-06-30,70129.35563015775,94674.64072530386,24545.285095146115,-24545.285095146115,-2102.6682669368515,-27240.303023300163,527.6730796052443,887
2025-07-01,70236.74871981867,94819.62054907858,24582.871829259904,-24582.871829259904,-1995.2448735273906,-27240.303023300163,527.7033833537884,889
2025-07-02,70095.37362067956,94628.76539299513,24533.391772315576,-24533.391772315576,-2119.824227083649,-27257.058955640467,527.7431965963463,891
2025-07-03,69877.92692626777,94335.21786702574,24457.290940757972,-24457.290940757972,-2309.2636954525615,-27285.00498006254,527.8043982171389,893
2025-07-07,70055.27573863455,122600.05171975309,52544.77598111854,-52544.77598111854,-2126.0188364091414,-27285.00498006254,533.7004448937944,895
2025-07-08,70049.06795499403,94567.77781595814,24518.70986096411,-24518.70986096411,-992.1472188910408,-28419.239280296224,539.5455458187467,897
2025-07-09,69888.72450781509,94349.79025752976,24461.065749714668,-24461.065749714668,-1142.1977686226066,-28429.486730493973,539.590993068356,899
2025-07-10,69871.81011365866,94326.94608679115,24455.135973132485,-24455.135973132485,-1157.4588726539291,-28431.129172611072,539.6018410763536,901
2025-07-11,69942.2924138444,94422.09968806386,24479.807274219456,-24479.807274219456,-1086.9567346836525,-28431.129172611072,539.6216788609058,903
2025-07-14,69874.52443596456,94330.61338500067,24456.088949036115,-24456.088949036115,-1150.2999996250703,-28435.534804626008,539.6407597843848,905
2025-07-15,69915.55397992587,94386.00033160902,24470.446351683153,-24470.446351683153,-1109.0442338989376,-28435.747819393022,539.6539667822027,907
2025-07-16,69862.10656368238,94313.84729075423,24451.74072707186,-24451.74072707186,-1159.2376939255541,-28438.98674913344,539.6689932586444,909
2025-07-17,69688.29867994842,94079.21650520562,24390.9178252572,-24390.9178252572,-1320.1250449280055,-28451.858376495198,539.7178986283856,911
2025-07-18,69708.94627317178,94107.07904603783,24398.132772866058,-24398.132772866058,-1299.4716415714383,-28451.858376495198,539.7237087615965,913
2025-07-21,69622.54168825704,93990.43839988466,24367.89671162761,-24367.89671162761,-1378.9052619245012,-28458.805019098385,539.7480307200734,915
2025-07-22,69683.84173640839,94073.19206628666,24389.35032987828,-24389.35032987828,-1317.587930806701,-28458.805019098385,539.765313686539,917
2025-07-23,69524.42765174538,93857.98822447637,24333.56057273098,-24333.56057273098,-1464.2088378237843,-28471.55338644403,539.8101239867947,919
2025-07-24,69494.49554989104,93817.57160561702,24323.07605572598,-24323.07605572598,-1491.5461923650078,-28474.1397035086,539.8185542353544,921
2025-07-25,69413.82569841931,93708.67024627187,24294.844547852557,-24294.844547852557,-1565.2690093806414,-28481.0640652149,539.8412269851573,923
2025-07-28,69378.90290533096,93661.52225461089,24282.61934927993,-24282.61934927993,-1596.8498580280746,-28484.396170091404,539.8510665495654,925
2025-07-29,69429.71847766022,93730.12345762405,24300.40497996383,-24300.40497996383,-1546.01999640868,-28484.396170091404,539.8653558396926,927
2025-07-30,69428.73401282735,93728.79266991602,24300.05865708867,-24300.05865708867,-1545.8287004945962,-28485.56535108438,539.8719355936896,929
2025-07-31,69538.66515269167,93877.20642731308,24338.541274621417,-24338.541274621417,-1435.8666189102157,-28485.56535108438,539.9028773137521,931
2025-08-01,69977.72046822947,94469.95585143384,24492.235383204377,-24492.235383204377,-996.6876489285102,-28485.56535108438,540.0265317576592,933
2025-08-04,69565.50568944066,93913.46387019787,24347.95818075721,-24347.95818075721,-1377.0638590680435,-28517.2879562593,540.1424952320119,935
2025-08-05,69709.8419621393,94108.29770446775,24398.455742328457,-24398.455742328457,-1232.6869560361358,-28517.2879562593,540.183125565265,937
2025-08-06,69462.82482709193,93774.83286678973,24312.0080396978,-24312.0080396978,-1459.15790723603,-28537.764647303546,540.2526183685007,939
2025-08-07,69431.85663823462,93733.01003719584,24301.153398961218,-24301.153398961218,-1486.8122531091176,-28541.067780316287,540.2633283399684,941
2025-08-08,69223.71026200496,93452.02456421022,24228.314302205275,-24228.314302205275,-1675.2821826085587,-28560.685709093166,540.3218462933239,943
2025-08-11,69283.49300714921,93532.72019396252,24249.227186813307,-24249.227186813307,-1615.48262028102,-28560.685709093166,540.3386634765949,945
2025-08-12,69001.94363026033,93152.64510989483,24150.701479634503,-24150.701479634503,-1867.3235794297816,-28590.315001927516,540.4177883823694,947
